generation,best,mean,median,stdev
1,0.8082135377362066,0.7998409171056338,0.7993239622484729,0.0039232113089994695
