{
  "generation_count": 8,
  "best_fitness": 0.8205450126481452,
  "best_fitness_history": [
    0.806698437257639,
    0.8094790175497479,
    0.8127849175271147,
    0.8123263867328737,
    0.8151981365867172,
    0.8164942800750108,
    0.8180318204760995,
    0.8205450126481452
  ],
  "mean_fitness_history": [
    0.8008971706778517,
    0.80331992051245,
    0.8049760866638985,
    0.8074878445712091,
    0.8091137651375113,
    0.8112863779768584,
    0.8127482073020362,
    0.8151758307161204
  ],
  "median_fitness_history": [
    0.801184605808344,
    0.8033178134811081,
    0.8050441663083291,
    0.8076373858467256,
    0.8092365586265197,
    0.8116240996429034,
    0.8133574631527751,
    0.8156456277897813
  ],
  "stdev_fitness_history": [
    0.002097559966322943,
    0.002513433656803,
    0.0022002627451849937,
    0.0027852223726667685,
    0.0026805748849845945,
    0.0031408313281616235,
    0.003663318993568461,
    0.0035211051901122103
  ],
  "files": {
    "fitness_history": "artifacts\\long_gan\\gan_nophys\\discriminator_neat\\fitness_history.csv",
    "summary": "artifacts\\long_gan\\gan_nophys\\discriminator_neat\\neat_statistics.json"
  }
}