generation,best,mean,median,stdev
1,0.8051053132815301,0.7996789672597078,0.7993748602041725,0.0030665851857404063
2,0.8084881556202537,0.8022551762060661,0.8028789499768647,0.002980769489239391
3,0.8102977312182175,0.8051760694868938,0.8050868686614003,0.0026378399625018745
4,0.8122968672758472,0.807389684360122,0.8068216649599306,0.0030884573146667178
5,0.8180871293918712,0.8097745726774,0.8094523754939431,0.0030358349130452512
