{
  "feature_names": [
    "cement",
    "water",
    "fine_agg",
    "coarse_agg",
    "fine_add_1",
    "fine_add_2",
    "plasticizer",
    "wc_ratio",
    "wb_ratio",
    "log_age"
  ],
  "gradient_importance": [
    0.26366639137268066,
    0.197295680642128,
    0.15272824466228485,
    0.2024272084236145,
    0.18853642046451569,
    0.07924441993236542,
    0.15336774289608002,
    0.02927778847515583,
    0.1342553347349167,
    0.18732626736164093
  ],
  "permutation_importance": [
    4.322471394891165,
    2.379933082867902,
    0.6650517898670429,
    1.954609662834752,
    1.9539349090232374,
    0.6861898132710138,
    1.939679492066709,
    -0.0002186452601886657,
    1.3520384365002904,
    2.6864857921631167
  ],
  "permutation_baseline_mae": 9.617350094703573,
  "ablation_importance": [
    2.760559104495833,
    1.3595691511429813,
    0.1714956572944839,
    2.3989135395090795,
    0.9971383159793952,
    0.398981686158562,
    1.2562200469933913,
    -0.0019495886106017934,
    0.5715742675825233,
    1.9151178824836368
  ],
  "ablation_baseline_mae": 9.617350094703573
}