generation,best,mean,median,stdev
1,0.80466399003867,0.8001463925218785,0.8001980815280456,0.0024761124291398625
2,0.8080039143995534,0.8023489648488267,0.8025578206721742,0.0027102219558866815
3,0.8130940441474735,0.8041225836856063,0.8037581842142996,0.00273193248063644
4,0.8137025114153462,0.8070945895201845,0.8074200614506764,0.002951334150405372
5,0.815240734460347,0.8094124862120805,0.8097512432507898,0.002857364887376576
