{
  "generation_count": 8,
  "best_fitness": 0.8219120295178967,
  "best_fitness_history": [
    0.8071904404645531,
    0.8087312750582528,
    0.8104094359670733,
    0.8130844032600844,
    0.8168251010798558,
    0.8162975389998698,
    0.8192967024468005,
    0.8219120295178967
  ],
  "mean_fitness_history": [
    0.80045375993436,
    0.8031617555756931,
    0.8051788038331555,
    0.8073585856951894,
    0.8098394926493663,
    0.8105358040314993,
    0.8131171780193519,
    0.8149600852328682
  ],
  "median_fitness_history": [
    0.8006843818847967,
    0.8031160680043792,
    0.8052256917778453,
    0.8080975157318888,
    0.8097756014321977,
    0.8106462982200409,
    0.8131607417201643,
    0.8151850517117724
  ],
  "stdev_fitness_history": [
    0.0025330261059836223,
    0.002167917463396906,
    0.002328714796487081,
    0.0033608702563041252,
    0.0021957542408310767,
    0.0034321152858606025,
    0.0026550971041398126,
    0.0027939335915921288
  ],
  "files": {
    "fitness_history": "artifacts\\long_gan\\gan_phys\\discriminator_neat\\fitness_history.csv",
    "summary": "artifacts\\long_gan\\gan_phys\\discriminator_neat\\neat_statistics.json"
  }
}