{
  "generator_losses": [
    0.1605673701297946,
    0.13490987837132884,
    0.1379682541166137,
    0.15021435457577065,
    0.15331406995835828,
    0.14492891306375585,
    0.1428353796463187,
    0.1354192463090507,
    0.13491226373830947,
    0.13961265940310025,
    0.11269512972453745,
    0.16193533252652098,
    0.177103517440761,
    0.20152507785980295,
    0.22912511393064405,
    0.25811092591867213,
    0.27719151755658594,
    0.2959728833378815,
    0.32804598314006156,
    0.3510098355572398,
    0.38397530230080207,
    0.3821289713789777,
    0.37743305941907374,
    0.37329385992957326,
    0.3777900788842178,
    0.37882093176609133,
    0.377284321843124,
    0.3743658981672147,
    0.38074245830861536,
    0.37337700404771945
  ],
  "discriminator_losses": [
    0.9478296085101802,
    0.9511631494615136,
    0.9494924051005665,
    0.9531343099547596,
    0.9530568922438273,
    0.9502869917125236,
    0.9524551542793832,
    0.9484228070189313,
    0.9530054723344198,
    0.9506273909312922,
    0.9526446170923186,
    0.9519595213052703,
    0.9500484466552734,
    0.9517366697148579,
    0.9520004624273719,
    0.9544294316594194,
    0.9528154251052112,
    0.9554604917037778,
    0.9555104113206631,
    0.9521920026802435,
    0.9510619640350342,
    0.952651115452371,
    0.9572456290082234,
    0.9579183430206485,
    0.9573271376330678,
    0.9574514380315455,
    0.9578082125361372,
    0.9580950606160048,
    0.9565370577137645,
    0.9606927589672368
  ],
  "supervised_losses": [
    0.11596744546167008,
    0.0942105198869618,
    0.0970765708877546,
    0.11173303098213382,
    0.1153754516754572,
    0.10603328644320732,
    0.10595914385304218,
    0.09796367622003323,
    0.09766243007488368,
    0.10337056558034043,
    0.07614818051820849,
    0.10057678182677525,
    0.08893680926866648,
    0.08577357148524464,
    0.08822097172733487,
    0.09458174438374799,
    0.08473921342321285,
    0.07362699890282096,
    0.085221724993572,
    0.08099022834766202,
    0.10308966519901665,
    0.10388643301387386,
    0.09277551664357506,
    0.0854292369742946,
    0.09795101541208058,
    0.10652478661660741,
    0.10106094688086248,
    0.09546953439712524,
    0.10476716010399707,
    0.09478231616000213
  ],
  "adversarial_losses": [
    0.0,
    0.0,
    0.0,
    0.0,
    0.0,
    0.0,
    0.0,
    0.0,
    0.0,
    0.0,
    0.0,
    0.46193131004891747,
    0.4630071004716361,
    0.4641355639550744,
    0.46259002932688087,
    0.46443412289386843,
    0.45926684213847646,
    0.46011624612459323,
    0.4601965830093477,
    0.4601179732055199,
    0.4582161547207251,
    0.4599636567801964,
    0.45863904167966146,
    0.45640114967415973,
    0.4573557260559826,
    0.45564983239988,
    0.45616040651391193,
    0.45497222063018056,
    0.46033428282272526,
    0.45485216742608603
  ],
  "physics_losses": [
    0.22299962290903416,
    0.20349678433522944,
    0.2044584136910555,
    0.19240660892754066,
    0.1896930860310066,
    0.19447812656076943,
    0.184381176058839,
    0.18727784731039188,
    0.18624916091197874,
    0.1812104640937433,
    0.18273474530475894,
    0.18031865176631184,
    0.1789843385539404,
    0.1814774431106521,
    0.18040401397681818,
    0.17040427247198617,
    0.1757535349305083,
    0.16483074553856036,
    0.16419169979124534,
    0.15584563191344097,
    0.161485493183136,
    0.144942441001171,
    0.14276541642299512,
    0.14092142589208556,
    0.1412788367852932,
    0.1395430772042856,
    0.13826877841862237,
    0.136222424667056,
    0.13539155845235035,
    0.1327289920754549
  ],
  "val_mae": [
    0.7224359612328783,
    0.7206588707432522,
    0.7269640532325435
  ],
  "val_rmse": [
    0.9276035838161321,
    0.9274709121643765,
    0.9351849843560555
  ],
  "val_r2": [
    0.21430571046217628,
    0.2145304441878857,
    0.20141010413044624
  ],
  "lambda_mse_history": [
    1.0,
    1.0,
    1.0,
    1.0,
    1.0,
    1.0,
    1.0,
    1.0,
    1.0,
    1.0,
    1.0,
    0.93,
    0.86,
    0.79,
    0.72,
    0.65,
    0.5800000000000001,
    0.51,
    0.44000000000000006,
    0.37,
    0.3,
    0.3,
    0.3,
    0.3,
    0.3,
    0.3,
    0.3,
    0.3,
    0.3,
    0.3
  ],
  "lambda_adv_history": [
    0.0,
    0.0,
    0.0,
    0.0,
    0.0,
    0.0,
    0.0,
    0.0,
    0.0,
    0.0,
    0.0,
    0.06999999999999999,
    0.13999999999999999,
    0.21,
    0.27999999999999997,
    0.35,
    0.42,
    0.48999999999999994,
    0.5599999999999999,
    0.63,
    0.7,
    0.7,
    0.7,
    0.7,
    0.7,
    0.7,
    0.7,
    0.7,
    0.7,
    0.7
  ],
  "best_epoch": 10,
  "best_val_mae": 0.7206588707432522
}