generation,best,mean,median,stdev
1,0.8064095602694872,0.7981533826417281,0.7982397487992372,0.0028062084093612725
2,0.8066389765798492,0.7991656735392566,0.7992672414017863,0.003011328935433721
3,0.8071022695103054,0.8010629838091794,0.8012195754791003,0.00224402837766218
4,0.807630394676001,0.801828647279253,0.8019536956605458,0.0027987784128160973
5,0.8088784532988397,0.8024420314512655,0.8024585562586819,0.002620356975420695
