generation,best,mean,median,stdev
1,0.8056061415603353,0.8001305998310312,0.8002527965551421,0.0030137092720871057
2,0.810534849398923,0.8044602010296559,0.8045102378970471,0.003457792273268908
