{
  "ensemble": [
    {
      "ensemble": "top_3",
      "mae": 8.562273317894572,
      "rmse": 11.860008368066723,
      "r2": 0.5282150132020629,
      "picp": 0.9689922480620154,
      "mpiw": 79.6093151578806,
      "n_models": 3
    },
    {
      "ensemble": "top_5",
      "mae": 8.611119172328983,
      "rmse": 11.887818036478588,
      "r2": 0.5259999108314563,
      "picp": 0.9709302325581395,
      "mpiw": 78.50787047716716,
      "n_models": 5
    },
    {
      "ensemble": "top_7",
      "mae": 8.661944971635528,
      "rmse": 11.934717253356185,
      "r2": 0.5222525311680914,
      "picp": 0.9728682170542635,
      "mpiw": 73.61853500759061,
      "n_models": 7
    },
    {
      "ensemble": "top_9",
      "mae": 8.727622751136794,
      "rmse": 11.976775029231437,
      "r2": 0.5188794475399645,
      "picp": 0.9728682170542635,
      "mpiw": 74.36558493262761,
      "n_models": 9
    }
  ]
}