{
  "ensemble": [
    {
      "ensemble": "top_3",
      "mae": 9.048402725099267,
      "rmse": 12.421975691332607,
      "r2": 0.526079719091606,
      "picp": 0.9696428571428571,
      "mpiw": 39.590222686595055,
      "n_models": 3
    },
    {
      "ensemble": "top_5",
      "mae": 9.046662765320749,
      "rmse": 12.435062250622456,
      "r2": 0.525080642470144,
      "picp": 0.9660714285714286,
      "mpiw": 39.61603204438698,
      "n_models": 5
    },
    {
      "ensemble": "top_7",
      "mae": 9.075782676182744,
      "rmse": 12.429414104755477,
      "r2": 0.5255119719739278,
      "picp": 0.9714285714285714,
      "mpiw": 39.93628165468825,
      "n_models": 7
    },
    {
      "ensemble": "top_9",
      "mae": 9.107862920971392,
      "rmse": 12.438715169584706,
      "r2": 0.5248015772423341,
      "picp": 0.9732142857142857,
      "mpiw": 40.142723948835396,
      "n_models": 9
    }
  ]
}