{
  "single_head": {
    "str_mae": 9.660198431276186,
    "str_r2": 0.49332232111900065
  },
  "multi_head": {
    "str_mae": 9.759634334218115,
    "str_r2": 0.4754440378967981
  }
}