{
  "simple_avg": {
    "mae": 9.107807532781573,
    "r2": 0.5250347159489087
  },
  "weighted": {
    "mae": 9.054800254472987,
    "r2": 0.5242672244960306,
    "weights": [
      0.0003267597784832989,
      0.5632165982740013,
      0.004628773699634168,
      0.0013174800356899228,
      0.22318086499409634,
      0.002266551656491577,
      2.233798150862597e-06,
      0.2050607366171711,
      1.146281512980888e-09
    ]
  },
  "inv_mae": {
    "mae": 9.106987837850614,
    "r2": 0.525049758969306
  },
  "ridge_a0.01": {
    "mae": 7.328075160025478,
    "r2": 0.727090983323007,
    "picp": 0.8982142857142857
  },
  "ridge_a0.1": {
    "mae": 7.327968743878363,
    "r2": 0.7270990198451388,
    "picp": 0.8982142857142857
  },
  "ridge_a1.0": {
    "mae": 7.326907318090467,
    "r2": 0.7271788217282706,
    "picp": 0.8982142857142857
  },
  "ridge_a10.0": {
    "mae": 7.316696682025442,
    "r2": 0.7279246501043893,
    "picp": 0.8982142857142857
  },
  "gbr_n50": {
    "mae": 4.821393298606367,
    "r2": 0.8566911802728949
  },
  "gbr_n100": {
    "mae": 4.783306331943101,
    "r2": 0.8554539885920882
  },
  "top5_avg": {
    "mae": 9.070508791302457,
    "r2": 0.5252244575582182
  }
}