{
  "simple_avg": {
    "mae": 9.427619550821907,
    "r2": 0.5107929123829387,
    "picp": 0.9821428571428571
  },
  "ridge_a0.1": {
    "oof_mae": 6.717182970488888,
    "oof_r2": 0.7641633861917163,
    "test_mae": 7.025853761902205,
    "test_r2": 0.7442071674629152,
    "test_rmse": 9.126036753203248,
    "picp": 0.9035714285714286,
    "mpiw": 42.761320480193326,
    "fold_mae_std": 0.20121275631360722
  },
  "ridge_a1": {
    "oof_mae": 6.717137451436727,
    "oof_r2": 0.7641662388416343,
    "test_mae": 7.02583933595969,
    "test_r2": 0.7442086798783372,
    "test_rmse": 9.126009773598321,
    "picp": 0.9035714285714286,
    "mpiw": 42.761320480193326,
    "fold_mae_std": 0.20120469750944514
  },
  "ridge_a10": {
    "oof_mae": 6.7166848270543165,
    "oof_r2": 0.7641943864538833,
    "test_mae": 7.025694840177758,
    "test_r2": 0.7442236578386798,
    "test_rmse": 9.12574258115911,
    "picp": 0.9035714285714286,
    "mpiw": 42.76132048019333,
    "fold_mae_std": 0.20112485999215665
  },
  "ridge_a100": {
    "oof_mae": 6.712488325293225,
    "oof_r2": 0.7644408814278058,
    "test_mae": 7.024341809389186,
    "test_r2": 0.7443595043493159,
    "test_rmse": 9.123318852432785,
    "picp": 0.9035714285714286,
    "mpiw": 42.761320480193326,
    "fold_mae_std": 0.2005291816865859
  },
  "gbr_n30_d2": {
    "oof_mae": 5.500788494844235,
    "oof_r2": 0.8160905748237588,
    "test_mae": 5.916287317902322,
    "test_r2": 0.8001249281392938,
    "test_rmse": 8.067098213987535,
    "picp": 0.9821428571428571,
    "mpiw": 42.761320480193326,
    "fold_mae_std": 0.2174861040034954
  },
  "gbr_n50_d2": {
    "oof_mae": 4.439957256373694,
    "oof_r2": 0.8753503146938855,
    "test_mae": 5.029882451080263,
    "test_r2": 0.8532504696424672,
    "test_rmse": 6.912360629385982,
    "picp": 0.9839285714285714,
    "mpiw": 42.761320480193326,
    "fold_mae_std": 0.22271844944749655
  },
  "weighted_opt": {
    "test_mae": 9.09465625762428,
    "test_r2": 0.5254699729170555,
    "picp": 0.9767857142857143,
    "weights": [
      0.1362231776960964,
      0.04639243510507134,
      0.004822266928354524,
      0.03583028326605863,
      0.5488633370831979,
      0.04710659877393242,
      0.06525190435269664,
      0.009587627789589097,
      0.013858778559164765,
      0.004522408511539055,
      3.684696504552766e-05,
      0.038019379183288245,
      0.009051713631187222,
      2.1361282665661698e-05,
      0.003747590755058037,
      1.9756875373853592e-05,
      0.0067798159440305445,
      6.28459327025411e-06,
      1.947187711702564e-05,
      5.669934657627979e-05,
      0.025390976239823997,
      1.6270156205857336e-06,
      0.003897907905474329,
      0.000491750319767592
    ],
    "train_val_mae": 8.537643999655103
  }
}