{
  "averaging": {
    "mae": 9.015357668594685,
    "rmse": 12.218188116832797,
    "r2": 0.49928829883129844,
    "mape": 70.77054829748175,
    "picp": 0.9903100775193798,
    "mpiw": 78.54578339523506
  },
  "inverse_mae": {
    "mae": 9.002513519562417,
    "rmse": 12.207266002486431,
    "r2": 0.5001830937136362,
    "mape": 70.76894230871667,
    "picp": 0.9903100775193798,
    "mpiw": 78.48855943525525
  },
  "ridge": {
    "mae": 7.225467915379691,
    "rmse": 9.494598743156077,
    "r2": 0.6976378974471524,
    "mape": 50.87078522049245,
    "picp": 0.9224806201550387,
    "mpiw": 82.46556095019392
  },
  "ridge_sigma": {
    "mae": 13.230824145924075,
    "rmse": 126.81897089410778,
    "r2": -52.94392899580949,
    "mape": 290.3113656608185,
    "picp": 0.9864341085271318,
    "mpiw": 78.54578339523508
  },
  "ridge_gan_only": {
    "mae": 7.31831119653257,
    "rmse": 9.778858149784211,
    "r2": 0.6792619987648723,
    "mape": 52.65168463187927,
    "picp": 0.9573643410852714,
    "mpiw": 94.51806870152674
  },
  "inv_mae_gan_only": {
    "mae": 8.839627554162567,
    "rmse": 12.117401869757098,
    "r2": 0.5075148400723988,
    "mape": 70.72395668715792,
    "picp": 0.9844961240310077,
    "mpiw": 77.20420889857677
  }
}